Workbook

Sheet Jurnal
A1: Jurnal de tranzacționare — Marius FX
A2: Completează un rând pentru fiecare tranzacție. Coloanele verzi se calculează automat. Vezi foaia „Cum completezi” pentru explicații și un exemplu. Conținut educațional, nu consultanță financiară.
A3: Nr. | B3: Data | C3: Pereche | D3: Direcție | E3: Sesiune | F3: Setup / motiv intrare | G3: Preț intrare | H3: Stop loss | I3: Take profit | J3: Lot | K3: Risc % | L3: Risc în bani | M3: R:R planificat | N3: Rezultat | O3: Rezultat în R | P3: Am respectat planul? | Q3: Emoții | R3: Lecție / ce îmbunătățesc
A4: =IF(B4="","",ROW()-3) | M4: =IF(OR(G4="",H4="",I4=""),"",IFERROR(ROUND(ABS(I4-G4)/ABS(G4-H4),2),"")) | O4: =IF(N4="TP",IF(M4="","",M4),IF(N4="SL",-1,IF(N4="BE",0,"")))
A5: =IF(B5="","",ROW()-3) | M5: =IF(OR(G5="",H5="",I5=""),"",IFERROR(ROUND(ABS(I5-G5)/ABS(G5-H5),2),"")) | O5: =IF(N5="TP",IF(M5="","",M5),IF(N5="SL",-1,IF(N5="BE",0,"")))
A6: =IF(B6="","",ROW()-3) | M6: =IF(OR(G6="",H6="",I6=""),"",IFERROR(ROUND(ABS(I6-G6)/ABS(G6-H6),2),"")) | O6: =IF(N6="TP",IF(M6="","",M6),IF(N6="SL",-1,IF(N6="BE",0,"")))
A7: =IF(B7="","",ROW()-3) | M7: =IF(OR(G7="",H7="",I7=""),"",IFERROR(ROUND(ABS(I7-G7)/ABS(G7-H7),2),"")) | O7: =IF(N7="TP",IF(M7="","",M7),IF(N7="SL",-1,IF(N7="BE",0,"")))
A8: =IF(B8="","",ROW()-3) | M8: =IF(OR(G8="",H8="",I8=""),"",IFERROR(ROUND(ABS(I8-G8)/ABS(G8-H8),2),"")) | O8: =IF(N8="TP",IF(M8="","",M8),IF(N8="SL",-1,IF(N8="BE",0,"")))
A9: =IF(B9="","",ROW()-3) | M9: =IF(OR(G9="",H9="",I9=""),"",IFERROR(ROUND(ABS(I9-G9)/ABS(G9-H9),2),"")) | O9: =IF(N9="TP",IF(M9="","",M9),IF(N9="SL",-1,IF(N9="BE",0,"")))
A10: =IF(B10="","",ROW()-3) | M10: =IF(OR(G10="",H10="",I10=""),"",IFERROR(ROUND(ABS(I10-G10)/ABS(G10-H10),2),"")) | O10: =IF(N10="TP",IF(M10="","",M10),IF(N10="SL",-1,IF(N10="BE",0,"")))
A11: =IF(B11="","",ROW()-3) | M11: =IF(OR(G11="",H11="",I11=""),"",IFERROR(ROUND(ABS(I11-G11)/ABS(G11-H11),2),"")) | O11: =IF(N11="TP",IF(M11="","",M11),IF(N11="SL",-1,IF(N11="BE",0,"")))
A12: =IF(B12="","",ROW()-3) | M12: =IF(OR(G12="",H12="",I12=""),"",IFERROR(ROUND(ABS(I12-G12)/ABS(G12-H12),2),"")) | O12: =IF(N12="TP",IF(M12="","",M12),IF(N12="SL",-1,IF(N12="BE",0,"")))
A13: =IF(B13="","",ROW()-3) | M13: =IF(OR(G13="",H13="",I13=""),"",IFERROR(ROUND(ABS(I13-G13)/ABS(G13-H13),2),"")) | O13: =IF(N13="TP",IF(M13="","",M13),IF(N13="SL",-1,IF(N13="BE",0,"")))
A14: =IF(B14="","",ROW()-3) | M14: =IF(OR(G14="",H14="",I14=""),"",IFERROR(ROUND(ABS(I14-G14)/ABS(G14-H14),2),"")) | O14: =IF(N14="TP",IF(M14="","",M14),IF(N14="SL",-1,IF(N14="BE",0,"")))
A15: =IF(B15="","",ROW()-3) | M15: =IF(OR(G15="",H15="",I15=""),"",IFERROR(ROUND(ABS(I15-G15)/ABS(G15-H15),2),"")) | O15: =IF(N15="TP",IF(M15="","",M15),IF(N15="SL",-1,IF(N15="BE",0,"")))
... A103: =IF(B103="","",ROW()-3) | M103: =IF(OR(G103="",H103="",I103=""),"",IFERROR(ROUND(ABS(I103-G103)/ABS(G103-H103),2),"")) | O103: =IF(N103="TP",IF(M103="","",M103),IF(N103="SL",-1,IF(N103="BE",0,"")))

Sheet Rezumat
B2: Rezumat — se calculează automat din foaia „Jurnal”
B4: Indicator | C4: Valoare | D4: Cum se calculează
B5: Total tranzacții | C5: =COUNTIF(Jurnal!$N$4:$N$103,"?*") | D5: Rânduri cu „Rezultat” completat.
B6: Câștigate | C6: =COUNTIF(Jurnal!$O$4:$O$103,">0") | D6: Tranzacții cu Rezultat în R peste 0.
B7: Pierdute | C7: =COUNTIF(Jurnal!$O$4:$O$103,"<0") | D7: Tranzacții cu Rezultat în R sub 0.
B8: Break-even | C8: =COUNTIF(Jurnal!$N$4:$N$103,"BE") | D8: Tranzacții închise la break-even (0R).
B9: Rata de câștig % | C9: =IF(C5=0,"—",C6/C5) | D9: Câștigate ÷ total tranzacții.
B10: Total R | C10: =SUM(Jurnal!$O$4:$O$103) | D10: Suma coloanei „Rezultat în R”.
B11: R mediu pe tranzacție | C11: =IF(COUNT(Jurnal!$O$4:$O$103)=0,"—",AVERAGE(Jurnal!$O$4:$O$103)) | D11: Media coloanei „Rezultat în R”.
B12: % tranzacții cu planul respectat | C12: =IF(COUNTIF(Jurnal!$P$4:$P$103,"Da")+COUNTIF(Jurnal!$P$4:$P$103,"Nu")=0,"—",COUNTIF(Jurnal!$P$4:$P$103,"Da")/(COUNTIF(Jurnal!$P$4:$P$103,"Da")+COUNTIF(Jurnal!$P$4:$P$103,"Nu"))) | D12: Răspunsuri „Da” ÷ (Da + Nu). Ținta ta: cât mai aproape de 100%.
B14: Notă: un rezultat pozitiv pe câteva tranzacții nu garantează nimic. Urmărește mai ales disciplina (% plan respectat) și lecțiile notate. Conținut educațional, nu consultanță financiară.

Sheet Cum completezi
B2: Cum completezi jurnalul
B4: 1 | C4: Completează câte un rând în foaia „Jurnal” imediat după ce intri în tranzacție (plan) și după ce o închizi (rezultat).
B5: 2 | C5: Data, Pereche, Direcție și Sesiune: alege Direcția (Buy/Sell) și Sesiunea din listele derulante.
B6: 3 | C6: Setup / motiv intrare: scrie de ce ai intrat (ex.: retest de suport pe H4 + confirmare). Dacă nu poți scrie motivul, nu intra.
B7: 4 | C7: Preț intrare, Stop loss, Take profit: copiază prețurile exacte din platformă. „R:R planificat” se calculează singur.
B8: 5 | C8: Lot, Risc %, Risc în bani: notează mărimea poziției și cât pierzi dacă se atinge stop loss-ul. La Risc % scrie doar numărul (1 = 1%).
B9: 6 | C9: Rezultat: TP, SL, BE sau Manual. „Rezultat în R” se completează automat pentru TP (= R:R planificat), SL (−1R) și BE (0R).
B10: 7 | C10: Dacă ai închis manual, scrie tu „Rezultat în R” peste formulă (ex.: 0,6 sau −0,4).
B11: 8 | C11: Am respectat planul? Răspunde sincer cu Da sau Nu — este cel mai important indicator din jurnal.
B12: 9 | C12: Emoții și Lecție: ce ai simțit (calm, grabă, frică, FOMO) și ce faci diferit data viitoare.
B13: 10 | C13: La finalul săptămânii, deschide foaia „Rezumat” și recitește lecțiile. Caută greșelile care se repetă.
B15: Exemplu — date fictive pentru demonstrație (nu este o tranzacție reală)
B16: Nr. | C16: Data | D16: Pereche | E16: Direcție | F16: Sesiune | G16: Setup / motiv intrare | H16: Preț intrare | I16: Stop loss | J16: Take profit | K16: Lot | L16: Risc % | M16: Risc în bani | N16: R:R planificat | O16: Rezultat | P16: Rezultat în R | Q16: Am respectat planul? | R16: Emoții | S16: Lecție / ce îmbunătățesc
B17: 1 | C17: 46034 | D17: EURUSD | E17: Buy | F17: Londra | G17: Retest suport H4 + pin bar de confirmare | H17: 1.085 | I17: 1.083 | J17: 1.089 | K17: 0.1 | L17: 1 | M17: 20 | N17: =ROUND(ABS(J17-H17)/ABS(H17-I17),2) | O17: TP | P17: =N17 | Q17: Da | R17: Calm, am avut răbdare | S17: Am așteptat confirmarea, nu am intrat devreme. Păstrez regula.
B19: În exemplu: stop loss la 20 de pipși și take profit la 40 de pipși → R:R 1:2. Riscul este 1% din cont; tranzacția a atins TP → +2R. Valorile sunt inventate, doar pentru a arăta cum se completează.
